OTUID,taxon,Genus
43006e6191bcaee6079e053f4415ca09,k__Bacteria; p__Cyanobacteria; c__Oscillatoriophycideae; o__Oscillatoriales; f__Phormidiaceae; g__Phormidium; s__,Allocoleopsis
61cc86ecf7546e77076f1c45f299c7d1,k__Bacteria; p__Cyanobacteria; c__Oscillatoriophycideae; o__Oscillatoriales; f__Phormidiaceae; g__Phormidium; s__,Allocoleopsis
b76ada4828cda827213876d4015735f4,k__Bacteria; p__Cyanobacteria; c__; o__; f__; g__; s__,Allocoleopsis
01c0f530f02e2a51f39a365728c0b0aa,k__Bacteria; p__Cyanobacteria; c__Oscillatoriophycideae; o__Oscillatoriales; f__Phormidiaceae; g__Phormidium; s__,Arizonema
8cca3e1a19de90a83b0f4bd369f655d7,k__Bacteria; p__Cyanobacteria; c__Oscillatoriophycideae; o__Oscillatoriales; f__Phormidiaceae; g__Phormidium; s__,Arizonema
e774a6d4aa9eb974484edd1d392a37d8,k__Bacteria; p__Cyanobacteria; c__Oscillatoriophycideae; o__Oscillatoriales; f__Phormidiaceae; g__Phormidium; s__,Arizonema
beb1c214d961184436a01b910104d52f,k__Bacteria; p__Cyanobacteria; c__Oscillatoriophycideae; o__Oscillatoriales; f__Phormidiaceae; g__Phormidium; s__,Arizonema
26c0cba124c4ecb85f93c9662e45c2de,k__Bacteria; p__Cyanobacteria; c__Oscillatoriophycideae; o__Oscillatoriales; f__Phormidiaceae; g__Phormidium; s__,Arizonema
6858008645be0f806a871df9618aa329,k__Bacteria; p__Cyanobacteria; c__Nostocophycideae; o__Nostocales; f__Nostocaceae,Calothrix
55b111a8fd2ddd6a566bff5f59844439,k__Bacteria; p__Cyanobacteria; c__Nostocophycideae; o__Nostocales; f__Nostocaceae,Calothrix
6cc90abcd97591395b1df6e6e0396177,k__Bacteria; p__Cyanobacteria; c__Oscillatoriophycideae; o__Chroococcales; f__Xenococcaceae; g__; s__,Chroococcidiopsis
8daabb20002ba5550744d6abb425b44d,k__Bacteria; p__Cyanobacteria; c__Oscillatoriophycideae; o__Chroococcales; f__Xenococcaceae; g__; s__,Chroococcidiopsis
ac9a0c8672f2988924a2d7ff1e72c57c,k__Bacteria; p__Cyanobacteria; c__Oscillatoriophycideae; o__Chroococcales; f__Xenococcaceae; g__; s__,Chroococcidiopsis
4ca3e66a7728acee1cc8b2fa52bfef23,k__Bacteria; p__Cyanobacteria; c__Oscillatoriophycideae; o__Chroococcales; f__Xenococcaceae; g__; s__,Chroococcidiopsis
dc84fa60af95a820be90b5eeae58a4f0,k__Bacteria; p__Cyanobacteria; c__Oscillatoriophycideae; o__Chroococcales; f__Xenococcaceae; g__; s__,Chroococcidiopsis
83e25cde4030613eea55cffcc26d4e23,k__Bacteria; p__Cyanobacteria; c__; o__; f__; g__; s__,Chroococcidiopsis
731cc4cf59ea7a6031d03d5a55bac723,k__Bacteria; p__Cyanobacteria; c__Oscillatoriophycideae; o__Chroococcales; f__Xenococcaceae; g__; s__,Chroococcidiopsis
1c615774145ab1ef20c91af7925f4912,k__Bacteria; p__Cyanobacteria; c__Oscillatoriophycideae; o__Chroococcales; f__Xenococcaceae; g__; s__,Chroococcidiopsis
2e70ebae416458ef7b9b9f1f872f0654,k__Bacteria; p__Cyanobacteria; c__Oscillatoriophycideae; o__Chroococcales; f__Xenococcaceae; g__; s__,Chroococcidiopsis
84366bef334e7207b4f2ed419a77951c,k__Bacteria; p__Cyanobacteria; c__; o__; f__; g__; s__,Chroococcidiopsis
c6410779ba255c4aca28873c73be0f1b,k__Bacteria; p__Cyanobacteria; c__Oscillatoriophycideae; o__Chroococcales; f__Xenococcaceae; g__; s__,Chroococcidiopsis
7d673db3d48efe5acbf92ef9b43a7664,k__Bacteria; p__Cyanobacteria; c__Oscillatoriophycideae; o__Chroococcales; f__Xenococcaceae; g__; s__,Chroococcidiopsis
9bfcae3bc7698079018139277ec7f434,k__Bacteria; p__Cyanobacteria; c__Oscillatoriophycideae; o__Chroococcales; f__Xenococcaceae; g__; s__,Chroococcidiopsis
c3731c0a5f7f1e15eaa8d60d3759a7b9,k__Bacteria; p__Cyanobacteria; c__Oscillatoriophycideae; o__Chroococcales; f__Xenococcaceae; g__; s__,Chroococcidiopsis
f7973eb24a26cb2038dcd2de544894c4,k__Bacteria; p__Cyanobacteria; c__; o__; f__; g__; s__,Chroococcidiopsis
13c5b2d152a3975acfaa295c56193d21,k__Bacteria; p__Cyanobacteria,Chroococcidiopsis
322865e2de5662241d929047b0114e88,k__Bacteria; p__Cyanobacteria,Chroococcidiopsis
9aac8187a2b245baf78337cfaef69d27,k__Bacteria; p__Cyanobacteria; c__Oscillatoriophycideae; o__Chroococcales; f__Xenococcaceae; g__; s__,Chroococcidiopsis
b74294c086b5478dd6027f9eab697dee,k__Bacteria; p__Cyanobacteria; c__; o__; f__; g__; s__,Chroococcidiopsis
19a21ba7862592ca5eb0f6740f892227,k__Bacteria; p__Cyanobacteria; c__; o__; f__; g__; s__,Chroococcidiopsis
72986640754d5e033b5b392221b84738,k__Bacteria; p__Cyanobacteria; c__Oscillatoriophycideae; o__Chroococcales; f__Xenococcaceae; g__Chroococcidiopsis; s__,Chroococcidiopsis
7adf843b1d2c7c516d9bf405fe47a991,k__Bacteria; p__Cyanobacteria; c__Oscillatoriophycideae; o__Chroococcales; f__Xenococcaceae; g__Chroococcidiopsis; s__,Chroococcidiopsis
0a0fb6cf917ccbc118f0433c4ece4eb5,k__Bacteria; p__Cyanobacteria; c__Oscillatoriophycideae; o__Chroococcales; f__Xenococcaceae; g__; s__,Chroococcidiopsis
3ec9f1ff1e147e1bc273f80100f79e15,k__Bacteria; p__Cyanobacteria,Chroococcidiopsis
f0b8e54b94eb01ea180fb928e6e9e433,k__Bacteria; p__Cyanobacteria; c__; o__; f__; g__; s__,Chroococcidiopsis
2c6215877bd7c69c6fa6093ea3dbff13,k__Bacteria; p__Cyanobacteria; c__Oscillatoriophycideae; o__Chroococcales; f__Xenococcaceae; g__; s__,Chroococcidiopsis
1beaea7e9a6b14ba8d63d1e6759f2e1b,k__Bacteria; p__Cyanobacteria; c__Oscillatoriophycideae; o__Oscillatoriales; f__Phormidiaceae; g__Phormidium; s__,Coleofasiculus
0e4e4d881c4707022e4abcaf51859c6a,k__Bacteria; p__Cyanobacteria; c__Oscillatoriophycideae; o__Oscillatoriales; f__Phormidiaceae; g__Phormidium; s__,Crassifilum
8edf125a8a1d1c36265998cdaf0297f9,k__Bacteria; p__Cyanobacteria; c__Oscillatoriophycideae; o__Oscillatoriales; f__Phormidiaceae; g__Phormidium; s__,Crustifilum
8da5e8164a6c66de22de323f42690866,k__Bacteria; p__Cyanobacteria; c__Oscillatoriophycideae; o__Oscillatoriales; f__Phormidiaceae; g__Phormidium; s__,Crustifilum
c6215f72abe0e48d475d59dc77edc375,k__Bacteria; p__Cyanobacteria,Crustifilum
1fafbe8c41acf7e25a59e7ae04f99b77,k__Bacteria; p__Cyanobacteria; c__Oscillatoriophycideae; o__Oscillatoriales; f__Phormidiaceae; g__Phormidium; s__,Crustifilum
1ea4f15172c95aeba1a9f4c148f71d95,k__Bacteria; p__Cyanobacteria; c__; o__; f__; g__; s__,Konicacronema
61428ec76711228cab160fcbdca40330,k__Bacteria; p__Cyanobacteria; c__; o__; f__; g__; s__,Konicacronema
7b80e97275771ab5ece6ddd836178173,k__Bacteria; p__Cyanobacteria; c__; o__; f__; g__; s__,Konicacronema
c42a027ba17a32ad7417ef3a069c9ed9,k__Bacteria; p__Cyanobacteria; c__Synechococcophycideae; o__Pseudanabaenales; f__Pseudanabaenaceae; g__Arthronema; s__,Leptolyngbya
145b9d6ec00008ea8d8791bc1f513c04,k__Bacteria; p__Cyanobacteria; c__Synechococcophycideae; o__Pseudanabaenales; f__Pseudanabaenaceae; g__; s__,Leptolyngbya
8b7ed8b887ce47efadc1ae2bad6b6b3a,k__Bacteria; p__Cyanobacteria; c__Oscillatoriophycideae; o__Oscillatoriales; f__Phormidiaceae; g__Phormidium,Leptolyngbya
cb9b51b69977996023650d7655be5729,k__Bacteria; p__Cyanobacteria; c__Synechococcophycideae; o__Pseudanabaenales; f__Pseudanabaenaceae; g__Leptolyngbya; s__,Leptolyngbya
3bb756bb754ed4752122600526a7dd16,k__Bacteria; p__Cyanobacteria; c__Synechococcophycideae; o__Pseudanabaenales; f__Pseudanabaenaceae,Leptolyngbya
9f16e0bb8ace486f571b81f4ec4c6cfc,k__Bacteria; p__Cyanobacteria; c__Synechococcophycideae; o__Pseudanabaenales; f__Pseudanabaenaceae; g__Leptolyngbya; s__,Leptolyngbya
707e113e895c042241f4f741560a8611,k__Bacteria; p__Cyanobacteria; c__Oscillatoriophycideae; o__Oscillatoriales; f__Phormidiaceae,Leptolyngbya
73508ac6d14d63e76f612591344b96ec,k__Bacteria; p__Cyanobacteria; c__Synechococcophycideae; o__Pseudanabaenales; f__Pseudanabaenaceae; g__Leptolyngbya; s__,Leptolyngbya
08475efe63bbeb54f9cbf0e9b0de7869,k__Bacteria; p__Cyanobacteria; c__Synechococcophycideae; o__Pseudanabaenales; f__Pseudanabaenaceae; g__Leptolyngbya; s__,Leptolyngbya
5fd63df6758f2b48711f838d5155472d,k__Bacteria; p__Cyanobacteria; c__Synechococcophycideae; o__Pseudanabaenales; f__Pseudanabaenaceae; g__Leptolyngbya; s__,Leptolyngbya
7442aa95b135966a64d2ed36676abb57,k__Bacteria; p__Cyanobacteria; c__Synechococcophycideae; o__Pseudanabaenales; f__Pseudanabaenaceae; g__Leptolyngbya; s__frigida,Leptolyngbya
cc117f901b75503af6f621c265fa027b,k__Bacteria; p__Cyanobacteria; c__Synechococcophycideae; o__Pseudanabaenales; f__Pseudanabaenaceae; g__Leptolyngbya; s__,Leptolyngbya
97adfc0bbf6eab7954490d5c7f1a3d1f,k__Bacteria; p__Cyanobacteria; c__Synechococcophycideae; o__Pseudanabaenales; f__Pseudanabaenaceae; g__Leptolyngbya; s__,Leptolyngbya
a9be6f5c53a0e825af3333f36755927e,k__Bacteria; p__Cyanobacteria; c__Synechococcophycideae; o__Pseudanabaenales; f__Pseudanabaenaceae,Leptolyngbya
709d698d830e0fcb803778f1604a9f55,k__Bacteria; p__Cyanobacteria; c__Oscillatoriophycideae; o__Oscillatoriales; f__Phormidiaceae,Leptolyngbya
2a8c5cacbe5d3847edf1e8f543fbefde,k__Bacteria; p__Cyanobacteria; c__; o__; f__; g__; s__,Lyngbya
f34bc9ee36d70b70949c3f5c75a93944,k__Bacteria; p__Cyanobacteria; c__; o__; f__; g__; s__,Lyngbya
ece597d63ba59d0cc92d85fa9be45669,k__Bacteria; p__Cyanobacteria; c__; o__; f__; g__; s__,Lyngbya
63eba32bb9314b74c126efd7b4df93cd,k__Bacteria; p__Cyanobacteria; c__; o__; f__; g__; s__,Lyngbya
6dced156727ee15ed37d37f6b3957032,k__Bacteria; p__Cyanobacteria; c__; o__; f__; g__; s__,Lyngbya
3fb9384eb69165d225d7fea791511268,k__Bacteria; p__Cyanobacteria; c__; o__; f__; g__; s__,Lyngbya
69ee74144adabb1569a39b643918f8e5,k__Bacteria; p__Cyanobacteria; c__Oscillatoriophycideae; o__Oscillatoriales; f__Phormidiaceae; g__Phormidium; s__,Microcoleus
db12467f69ca342c8c170ba4150bb869,k__Bacteria; p__Cyanobacteria; c__Oscillatoriophycideae; o__Oscillatoriales; f__Phormidiaceae; g__Phormidium; s__,Microcoleus
1f7fbf28a0d478d6c617ba199ff32c92,k__Bacteria; p__Cyanobacteria; c__Oscillatoriophycideae; o__Oscillatoriales; f__Phormidiaceae; g__Phormidium; s__,Microcoleus
9c7462e78f730b8a6f2eceabe6a43fa5,k__Bacteria; p__Cyanobacteria; c__Synechococcophycideae; o__Pseudanabaenales; f__Pseudanabaenaceae; g__Leptolyngbya; s__,Myxacorys
a321c8063010689b46410e2e800b6d6e,k__Bacteria; p__Cyanobacteria; c__Synechococcophycideae; o__Pseudanabaenales; f__Pseudanabaenaceae; g__Leptolyngbya; s__,Myxacorys
eea99562925536c9c5b8a10db60ebc4f,k__Bacteria; p__Cyanobacteria; c__Nostocophycideae; o__Nostocales; f__Nostocaceae; g__Nostoc; s__muscorum,Nostoc
d5b8f9e48d7ac0ba868f7b41c4770e44,k__Bacteria; p__Cyanobacteria; c__Nostocophycideae; o__Nostocales; f__Nostocaceae; g__Nostoc; s__,Nostoc
d71e3186269dbf278246b47c0d51f6f6,k__Bacteria; p__Cyanobacteria; c__Nostocophycideae; o__Nostocales; f__Nostocaceae; g__Nostoc; s__,Nostoc
ed4c390696f428f42de71aafe41ec89c,k__Bacteria; p__Cyanobacteria; c__Nostocophycideae; o__Nostocales; f__Nostocaceae; g__Nostoc; s__,Nostoc
ea8083d09c0dfff5dfd7dcdf8f993c89,k__Bacteria; p__Cyanobacteria; c__; o__; f__; g__; s__,Nostoc
55b956d2171204e55c3bb2e7a10f70e2,k__Bacteria; p__Cyanobacteria; c__Nostocophycideae; o__Nostocales; f__Nostocaceae; g__Nostoc; s__,Nostoc
c85c5540a017ab06566cab5c6dd7b597,k__Bacteria; p__Cyanobacteria; c__Nostocophycideae; o__Nostocales; f__Nostocaceae; g__Nostoc; s__,Nostoc
267feac6f9f35711c51fa15cac08107b,k__Bacteria; p__Cyanobacteria; c__Nostocophycideae; o__Nostocales; f__Nostocaceae; g__; s__,Nostoc
a432cf3cd75bd62b998be93b25262914,k__Bacteria; p__Cyanobacteria; c__Nostocophycideae; o__Nostocales; f__Nostocaceae; g__Nostoc; s__muscorum,Nostoc
032a86c7cfd774ae0471b478b6ef908a,k__Bacteria; p__Cyanobacteria; c__Nostocophycideae; o__Nostocales; f__Nostocaceae; g__Nostoc; s__muscorum,Nostoc
32b7330e09ef4689810e2d714831c2ef,k__Bacteria; p__Cyanobacteria; c__Nostocophycideae; o__Nostocales; f__Nostocaceae; g__; s__,Nostoc
9ccfc7d0beb2e22a73c168b208b0dc38,k__Bacteria; p__Cyanobacteria; c__Nostocophycideae; o__Nostocales; f__Nostocaceae; g__Nostoc; s__,Nostoc
b18af230cf368341f842736825f90313,k__Bacteria; p__Cyanobacteria; c__Oscillatoriophycideae; o__Oscillatoriales; f__Phormidiaceae; g__Phormidium; s__,Parifilum
59ee0883e8d2e0ce39ec6293698481b0,k__Bacteria; p__Cyanobacteria; c__; o__; f__; g__; s__,Parifilum
78996932d5bc04493c4bfdc8220f9abb,k__Bacteria; p__Cyanobacteria; c__; o__; f__; g__; s__,Parifilum
9f9c010c1252569ace995d6240b9418f,k__Bacteria; p__Cyanobacteria; c__; o__; f__; g__; s__,Parifilum
595812df3d0036be013eb39599fcdb77,k__Bacteria; p__Cyanobacteria; c__; o__; f__; g__; s__,Parifilum
9c200972814ea22d8f6df6c55f226a70,k__Bacteria; p__Cyanobacteria; c__Oscillatoriophycideae; o__Oscillatoriales; f__Phormidiaceae; g__Phormidium; s__,Parifilum
dcad926c0308f3a70d31af843e217faa,k__Bacteria; p__Cyanobacteria; c__; o__; f__; g__; s__,Parifilum
4aec77478484f0e34a0fd0780b2c50e4,k__Bacteria; p__Cyanobacteria,Parifilum
5a2989a4c2985775d0974768e76041f5,k__Bacteria; p__Cyanobacteria; c__Oscillatoriophycideae; o__Oscillatoriales; f__Phormidiaceae; g__Phormidium; s__,Parifilum
d075d0c08aebca9d0a769ea513d0c685,k__Bacteria; p__Cyanobacteria; c__Oscillatoriophycideae; o__Oscillatoriales; f__Phormidiaceae; g__Phormidium; s__,Parifilum
f5596062efd6c9c62066791277180686,k__Bacteria; p__Cyanobacteria; c__; o__; f__; g__; s__,Parifilum
8d0ffc05f53558aba3a16701a2ddbe9d,k__Bacteria; p__Cyanobacteria; c__; o__; f__; g__; s__,Parifilum
9d9dbece5b4bb36b85ec2ccc7d97f36e,k__Bacteria; p__Cyanobacteria; c__; o__; f__; g__; s__,Parifilum
8cede4e8f4e1959ba6d2bfdc04f3c996,k__Bacteria; p__Cyanobacteria; c__; o__; f__; g__; s__,Parifilum
42b8964813baada5582f680f14846b41,k__Bacteria; p__Cyanobacteria; c__Oscillatoriophycideae,Parifilum
7b698e2c92945453ae04a8f698ebda15,k__Bacteria; p__Cyanobacteria; c__Oscillatoriophycideae; o__Oscillatoriales; f__Phormidiaceae; g__Phormidium; s__,Parifilum
d79c7c1b056c2f360aafd84471c39502,k__Bacteria; p__Cyanobacteria; c__; o__; f__; g__; s__,Parifilum
9280e2130442a637f76afe797b2ddc75,k__Bacteria; p__Cyanobacteria; c__; o__; f__; g__; s__,Parifilum
f16e4c4756316855f9e2497044381b23,k__Bacteria; p__Cyanobacteria; c__; o__; f__; g__; s__,Parifilum
2b68d1e3a9d0105f55a421d500281f90,k__Bacteria; p__Cyanobacteria; c__; o__; f__; g__; s__,Parifilum
616fffce9730087d6958a0f3549b45bf,k__Bacteria; p__Cyanobacteria; c__Oscillatoriophycideae; o__Oscillatoriales; f__Phormidiaceae; g__Phormidium; s__,Parifilum
b81064925d027717a3fe37baec638463,k__Bacteria; p__Cyanobacteria; c__; o__; f__; g__; s__,Parifilum
bcbeac3a535baaf5507b4662ecf06a7f,k__Bacteria; p__Cyanobacteria,Parifilum
6654bb75962a87ff29f1e96d5c6a17e3,k__Bacteria; p__Cyanobacteria; c__; o__; f__; g__; s__,Parifilum
50d4dfd71e43abd018dc625827570be8,k__Bacteria; p__Cyanobacteria; c__Oscillatoriophycideae; o__Oscillatoriales; f__Phormidiaceae; g__Planktothrix; s__,Planktothrix
1270402d7a97b0e3c338a9fff18740be,k__Bacteria; p__Cyanobacteria,Planktothrix
62ff51973fdd0f399636c48cc9050866,k__Bacteria; p__Cyanobacteria; c__Oscillatoriophycideae; o__Oscillatoriales; f__Phormidiaceae; g__Planktothrix; s__,Planktothrix
c2e15e4a5965ca3923e4054a922b84a0,k__Bacteria; p__Cyanobacteria; c__Oscillatoriophycideae; o__Oscillatoriales; f__Phormidiaceae; g__Oscillatoria; s__,Planktothrix
bdbcb69bc0d3457edb2724f0dd899d64,k__Bacteria; p__Cyanobacteria; c__; o__; f__; g__; s__,Planktothrix
49cbf668016fb9ad69734805be055a16,k__Bacteria; p__Cyanobacteria; c__Oscillatoriophycideae; o__Oscillatoriales; f__Phormidiaceae; g__Planktothrix; s__,Planktothrix
cf6752bd387312990277264e427be950,k__Bacteria; p__Cyanobacteria; c__Oscillatoriophycideae; o__Oscillatoriales; f__Phormidiaceae; g__Planktothrix; s__,Planktothrix
5198544fb5d5ec38dee882e0ce3da27b,k__Bacteria; p__Cyanobacteria; c__Oscillatoriophycideae; o__Oscillatoriales; f__Phormidiaceae; g__Planktothrix; s__,Planktothrix
f387c99e3afca4b4161ceab1315409c2,k__Bacteria; p__Cyanobacteria,Planktothrix
46d23529c6aed7ba1a9e401f48907f83,k__Bacteria; p__Cyanobacteria; c__Synechococcophycideae; o__Pseudanabaenales; f__Pseudanabaenaceae; g__Leptolyngbya; s__,Pleurocapsa
15a81a82bb7db6f807e4ddda12c7d8b3,k__Bacteria; p__Cyanobacteria; c__Synechococcophycideae; o__Pseudanabaenales; f__Pseudanabaenaceae; g__Leptolyngbya; s__,Pleurocapsa
44df7636016854dc92a6a3abf4345fb3,k__Bacteria; p__Cyanobacteria; c__Synechococcophycideae; o__Pseudanabaenales; f__Pseudanabaenaceae; g__Leptolyngbya; s__,Pleurocapsa
4fa32282f70a6ae9d452e4d9893719dd,k__Bacteria; p__Cyanobacteria; c__Oscillatoriophycideae; o__Chroococcales; f__Microcystaceae; g__Microcystis; s__,Pleurocapsa
3005c2fb1e7027eeb86dd46db7703d81,k__Bacteria; p__Cyanobacteria; c__Oscillatoriophycideae; o__Chroococcales; f__Microcystaceae; g__Microcystis; s__,Pleurocapsa
59720ca22a8247314facaba9b01af0a6,k__Bacteria; p__Cyanobacteria; c__; o__; f__; g__; s__,Porphyrosiphon
b4f5407bdf986fcd487e6755af2225a7,k__Bacteria; p__Cyanobacteria; c__; o__; f__; g__; s__,Porphyrosiphon
9590c248c08eba8b638f46f286e47b07,k__Bacteria; p__Cyanobacteria; c__; o__; f__; g__; s__,Potamolinea
985963065ea8895394a65d93bd87e006,k__Bacteria; p__Cyanobacteria; c__Oscillatoriophycideae; o__Oscillatoriales; f__Phormidiaceae,Potamolinea
c0bbf969ec37eda317b8120420148c3b,k__Bacteria; p__Cyanobacteria; c__; o__; f__; g__; s__,Potamolinea
162dcba8a0446e99835633b655acf85c,k__Bacteria; p__Cyanobacteria; c__Oscillatoriophycideae; o__Oscillatoriales; f__Phormidiaceae; g__Phormidium; s__,Pycnacronema
a66a3e1d69a5ddef891c14b4da392125,k__Bacteria; p__Cyanobacteria; c__Oscillatoriophycideae; o__Oscillatoriales; f__Phormidiaceae; g__Phormidium; s__,Pycnacronema
5cc901f23bb90bae42b067e92e88dad7,k__Bacteria; p__Cyanobacteria; c__Oscillatoriophycideae; o__Oscillatoriales; f__Phormidiaceae; g__Phormidium; s__,Pycnacronema
ab0170944407e4c403f537729de4f7be,k__Bacteria; p__Cyanobacteria; c__; o__; f__; g__; s__,Pycnacronema
9e0c1b64cb24fb2c78417c218e5b2023,k__Bacteria; p__Cyanobacteria; c__Oscillatoriophycideae; o__Oscillatoriales; f__Phormidiaceae; g__Phormidium; s__,Pycnacronema
00ce2d73c983c5b2ed77f12b4f0c1a54,k__Bacteria; p__Cyanobacteria; c__Oscillatoriophycideae; o__Oscillatoriales; f__Phormidiaceae; g__Phormidium; s__,Pycnacronema
deb94000b97beb313a367077c6f86801,k__Bacteria; p__Cyanobacteria; c__Oscillatoriophycideae; o__Oscillatoriales; f__Phormidiaceae; g__Phormidium; s__,Pycnacronema
a2f31e8fa20da418e5793d7263625d1e,k__Bacteria; p__Cyanobacteria; c__Oscillatoriophycideae; o__Oscillatoriales; f__Phormidiaceae; g__Phormidium; s__,Pycnacronema
f8437a3af494c3467fd77ef998e61c6e,k__Bacteria; p__Cyanobacteria; c__Synechococcophycideae; o__Pseudanabaenales; f__; g__; s__,Schizothrix
c18a0ff48de23facbb2af20cb86d76d4,k__Bacteria; p__Cyanobacteria; c__Synechococcophycideae; o__Pseudanabaenales; f__; g__; s__,Schizothrix
c94dc65d971af2b97a78d13b71d521ca,k__Bacteria; p__Cyanobacteria; c__; o__; f__; g__; s__,Schizothrix
2d7d3bfaf49de339c9dcf0043a61d105,k__Bacteria; p__Cyanobacteria; c__Synechococcophycideae; o__Pseudanabaenales; f__; g__; s__,Schizothrix
fd19638d93ad7ec32e78fed76c9e65be,k__Bacteria; p__Cyanobacteria; c__; o__; f__; g__; s__,Schizothrix
3a2f23bbc4be0f345bab24d9fd515ffc,k__Bacteria; p__Cyanobacteria; c__Synechococcophycideae; o__Pseudanabaenales; f__Pseudanabaenaceae; g__Leptolyngbya; s__,Schizothrix
f6ef80eca994d23fd937a98bac0ed5a0,k__Bacteria; p__Cyanobacteria; c__; o__; f__; g__; s__,Schizothrix
9acfb4f2c77bc20a8b77664dfb4c71f3,k__Bacteria; p__Cyanobacteria; c__Synechococcophycideae; o__Pseudanabaenales; f__Pseudanabaenaceae; g__Leptolyngbya; s__,Schizothrix
3f3097a87be50827822179e89c0bb38a,k__Bacteria; p__Cyanobacteria; c__; o__; f__; g__; s__,Schizothrix
ff99ea91148eec10af0e1ec76122bd81,k__Bacteria; p__Cyanobacteria; c__; o__; f__; g__; s__,Schizothrix
6c01fe440931d2aeaa63f2418c7a0bbf,k__Bacteria; p__Cyanobacteria; c__; o__; f__; g__; s__,Schizothrix
0ac71117a82a4e548a35b52fb8f288d9,k__Bacteria; p__Cyanobacteria; c__Nostocophycideae; o__Nostocales,Schizothrix
a60c862676dfa8c80b86cf5e9cf02210,k__Bacteria; p__Cyanobacteria; c__Synechococcophycideae; o__Pseudanabaenales; f__; g__; s__,Schizothrix
859bfc80c092cd56df7d9504d1ebbefc,k__Bacteria; p__Cyanobacteria; c__; o__; f__; g__; s__,Schizothrix
e19ad46aadf11da8d408e28f14b08a1c,k__Bacteria; p__Cyanobacteria; c__Synechococcophycideae; o__Pseudanabaenales; f__Pseudanabaenaceae; g__Leptolyngbya; s__,Schizothrix
81d243e4d8cd2bcb1040ead3d5811385,k__Bacteria; p__Cyanobacteria; c__Synechococcophycideae; o__Pseudanabaenales; f__Pseudanabaenaceae; g__Leptolyngbya; s__,Schizothrix
3f7e055672e594045d8e78efc7e45856,k__Bacteria; p__Cyanobacteria; c__Synechococcophycideae; o__Pseudanabaenales; f__Pseudanabaenaceae; g__Leptolyngbya; s__,Schizothrix
0bd966b7f9fa673d0fab24a09b0c556d,k__Bacteria; p__Cyanobacteria; c__Synechococcophycideae; o__Pseudanabaenales; f__Pseudanabaenaceae; g__Leptolyngbya; s__,Schizothrix
8fc5f5f0d6f9a7e12d65e5797f3c0678,k__Bacteria; p__Cyanobacteria; c__; o__; f__; g__; s__,Schizothrix
c041b45ba5c276bdce2bede6fae05775,k__Bacteria; p__Cyanobacteria; c__Synechococcophycideae; o__Pseudanabaenales; f__Pseudanabaenaceae; g__Leptolyngbya; s__,Schizothrix
f0a0609618ff6be5c48ce766cfa6f9b5,k__Bacteria; p__Cyanobacteria; c__Synechococcophycideae; o__Pseudanabaenales; f__Pseudanabaenaceae; g__Leptolyngbya; s__frigida,Schizothrix
046017b471d11e8969285592c1b1060f,k__Bacteria; p__Cyanobacteria; c__Synechococcophycideae; o__Pseudanabaenales; f__; g__; s__,Schizothrix
12178cbb617ce882f6ed338a32364857,k__Bacteria; p__Cyanobacteria; c__Synechococcophycideae; o__Pseudanabaenales; f__; g__; s__,Schizothrix
adc6d5a5b81798afceddc66047f047e0,k__Bacteria; p__Cyanobacteria; c__; o__; f__; g__; s__,Schizothrix
6b53cfb1498ed608f512f410fa5768e2,k__Bacteria; p__Cyanobacteria; c__Synechococcophycideae; o__Pseudanabaenales; f__; g__; s__,Schizothrix
8319a82e814f932454556755d636ebda,k__Bacteria; p__Cyanobacteria; c__Oscillatoriophycideae; o__Oscillatoriales; f__Phormidiaceae,Schizothrix
12d0a53c7da3b356dd7d2dc8c7ae82d3,k__Bacteria; p__Cyanobacteria; c__; o__; f__; g__; s__,Schizothrix
5c4320568be6cbcadf5ffdeb19240044,k__Bacteria; p__Cyanobacteria; c__; o__; f__; g__; s__,Schizothrix
67536e686ffa4bb163f28b792ae2d392,k__Bacteria; p__Cyanobacteria,Schizothrix
f34b0122782a75d7dacb652f34aedffb,k__Bacteria; p__Cyanobacteria; c__Synechococcophycideae; o__Pseudanabaenales; f__Pseudanabaenaceae; g__Leptolyngbya; s__,Schizothrix
fc64055d9104675ed2999b53f67db0f7,k__Bacteria; p__Cyanobacteria; c__; o__; f__; g__; s__,Schizothrix
b08c50421edb3ff4e4de938f8753ed5b,k__Bacteria; p__Cyanobacteria; c__; o__; f__; g__; s__,Schizothrix
f9be15fa84a232f88d24b520895583a4,k__Bacteria; p__Cyanobacteria,Schizothrix
69724e9773f50999bb279ea72277f06e,k__Bacteria; p__Cyanobacteria; c__; o__; f__; g__; s__,Schizothrix
08c377bb91b4c28bb76e7e153616a56c,k__Bacteria; p__Cyanobacteria,Schizothrix
af9cfe3d562486eb67506d981b9be38b,k__Bacteria; p__Cyanobacteria; c__Synechococcophycideae; o__Pseudanabaenales; f__Pseudanabaenaceae; g__Leptolyngbya; s__,Schizothrix
d1fa7e82dea62fd6cc3ceb8f760af8ea,k__Bacteria; p__Cyanobacteria; c__Synechococcophycideae; o__Pseudanabaenales; f__Pseudanabaenaceae; g__Leptolyngbya; s__,Schizothrix
ce225900c88c40962f06177f7ff71e46,k__Bacteria; p__Cyanobacteria; c__Synechococcophycideae; o__Pseudanabaenales; f__Pseudanabaenaceae; g__Leptolyngbya; s__,Schizothrix
236437f67482a130376b4ab3539371c8,k__Bacteria; p__Cyanobacteria; c__; o__; f__; g__; s__,Schizothrix
ba808c65a315ee4fb2cdda1fc142e44e,k__Bacteria; p__Cyanobacteria; c__; o__; f__; g__; s__,Schizothrix
bc70924d5d484fcd0045b3b5cc5d61c5,k__Bacteria; p__Cyanobacteria; c__; o__; f__; g__; s__,Schizothrix
9dc2dc52a56a9054adad3546a096e904,k__Bacteria; p__Cyanobacteria; c__; o__; f__; g__; s__,Schizothrix
d0184ed1c695a93c2bc85f58941cd866,k__Bacteria; p__Cyanobacteria; c__Synechococcophycideae; o__Pseudanabaenales; f__Pseudanabaenaceae; g__Leptolyngbya; s__,Schizothrix
195baa04ecdc5595bdbc00b68e3b7a21,k__Bacteria; p__Cyanobacteria; c__; o__; f__; g__; s__,Schizothrix
6adcbf21da26bbc97f7d0706501c0b6e,k__Bacteria; p__Cyanobacteria; c__; o__; f__; g__; s__,Schizothrix
7ba682cedd5c1a13197a6aa45797d983,k__Bacteria; p__Cyanobacteria; c__Synechococcophycideae; o__Pseudanabaenales; f__; g__; s__,Schizothrix
b3af02a22dba032aed3b84b5105c2c37,k__Bacteria; p__Cyanobacteria; c__; o__; f__; g__; s__,Schizothrix
9a7984cad7c7308ec7fe753473ac3a81,k__Bacteria; p__Cyanobacteria; c__Synechococcophycideae; o__Pseudanabaenales; f__Pseudanabaenaceae; g__Leptolyngbya; s__,Schizothrix
984576b50dba7ffad7a3b78e86f7697a,k__Bacteria; p__Cyanobacteria; c__; o__; f__; g__; s__,Schizothrix
db0d46ac7719ae0bb4b8279249aa33a6,k__Bacteria; p__Cyanobacteria; c__; o__; f__; g__; s__,Schizothrix
d15f74bb75b71e6497a47338e5e887e2,k__Bacteria; p__Cyanobacteria; c__Oscillatoriophycideae; o__Chroococcales; f__Xenococcaceae; g__; s__,Schizothrix
472a441dde6c83d888bebc6b04d5dbd6,k__Bacteria; p__Cyanobacteria; c__Oscillatoriophycideae; o__Oscillatoriales; f__Phormidiaceae,Schizothrix
521cf6a38808660ca4b478d79ba8c0c1,k__Bacteria; p__Cyanobacteria; c__; o__; f__; g__; s__,Schizothrix
fcab1ea044a7a38afd12052e9c7120a7,k__Bacteria; p__Cyanobacteria; c__Synechococcophycideae; o__Pseudanabaenales; f__Pseudanabaenaceae; g__Leptolyngbya; s__,Schizothrix
67599b63cbab3ac3b56f59c38d7ad312,k__Bacteria; p__Cyanobacteria; c__; o__; f__; g__; s__,Schizothrix
f715ee6ac74ffe538318bb8e8149521f,k__Bacteria; p__Cyanobacteria; c__; o__; f__; g__; s__,Schizothrix
82fde590f269309af6478e2dd3babc33,k__Bacteria; p__Cyanobacteria; c__Synechococcophycideae; o__Pseudanabaenales; f__; g__; s__,Schizothrix
5198b0c56a20de028d058591da765ac9,k__Bacteria; p__Cyanobacteria; c__Synechococcophycideae; o__Pseudanabaenales; f__Pseudanabaenaceae; g__Leptolyngbya; s__,Schizothrix
551d018fdfb88b5920a3803c567b743b,k__Bacteria; p__Cyanobacteria; c__; o__; f__; g__; s__,Schizothrix
2cf9958160ab474f5bac9f170f7f44d2,k__Bacteria; p__Cyanobacteria; c__Synechococcophycideae; o__Pseudanabaenales; f__Pseudanabaenaceae; g__Leptolyngbya; s__,Schizothrix
1cbb159b953d55645dd0564e3199dd69,k__Bacteria; p__Cyanobacteria,Schizothrix
2199f186cab26635d39f5b3d239efc02,k__Bacteria; p__Cyanobacteria; c__; o__; f__; g__; s__,Schizothrix
54e206f5f3ade9edb90f07a71dcfbbd1,k__Bacteria; p__Cyanobacteria; c__Synechococcophycideae; o__Pseudanabaenales; f__Pseudanabaenaceae; g__Leptolyngbya; s__,Schizothrix
0ba2d7c7ddecd3485fcc086042cd2a5e,k__Bacteria; p__Cyanobacteria; c__Synechococcophycideae; o__Pseudanabaenales; f__Pseudanabaenaceae; g__Leptolyngbya; s__,Schizothrix
af21a92e608685cd432017bd09eeb865,k__Bacteria; p__Cyanobacteria; c__Synechococcophycideae; o__Pseudanabaenales; f__Pseudanabaenaceae; g__Leptolyngbya; s__,Schizothrix
f452e76b7b046327034bd781ad81e602,k__Bacteria; p__Cyanobacteria; c__; o__; f__; g__; s__,Schizothrix
f709c1c636fd9b872964ca2d8509e300,k__Bacteria; p__Cyanobacteria; c__; o__; f__; g__; s__,Schizothrix
38ae7eacb51798a5de5fd2fad96501f5,k__Bacteria; p__Cyanobacteria; c__Nostocophycideae; o__; f__; g__; s__,Scytonema
b00f9a07265cb34bc52ebbacd0bbd31e,k__Bacteria; p__Cyanobacteria; c__Nostocophycideae; o__Nostocales; f__Scytonemataceae; g__; s__,Scytonema
267189f8f43f0e4b35723b8ed2d173d6,k__Bacteria; p__Cyanobacteria,Scytonema
7e0c4d6846ddc1e08574b149fce59d4b,k__Bacteria; p__Cyanobacteria; c__Nostocophycideae; o__Nostocales; f__Scytonemataceae; g__; s__,Scytonema
ed7abaa71ddaa41544eeb2fc83786188,k__Bacteria; p__Cyanobacteria,Scytonema
6a3f99fbacdd6cb06109f62e6664c7b2,k__Bacteria; p__Cyanobacteria; c__Nostocophycideae; o__; f__; g__; s__,Scytonema
d56362249d4c6a0c71fb6e7f7237b801,k__Bacteria; p__Cyanobacteria; c__Nostocophycideae; o__Nostocales; f__Scytonemataceae; g__; s__,Scytonema
e3e0f691dd852d54fd534b5916df7145,k__Bacteria; p__Cyanobacteria; c__Nostocophycideae; o__; f__; g__; s__,Scytonema
9796cca469b50db3063af683e2b63cac,k__Bacteria; p__Cyanobacteria; c__Nostocophycideae,Scytonema
5ccfe4bc7e1fa7652b8a8cfd86057f99,k__Bacteria; p__Cyanobacteria,Scytonema
a61e8ff0d4d6eec4836ca221d9d1d72f,k__Bacteria; p__Cyanobacteria; c__Nostocophycideae,Scytonema
efd599b0d479ad841b72953761700221,k__Bacteria; p__Cyanobacteria; c__Nostocophycideae; o__Nostocales; f__Nostocaceae,Scytonema
f028815fd5acaf02d26f7bdeeaaea00e,k__Bacteria; p__Cyanobacteria; c__Nostocophycideae; o__Nostocales; f__Nostocaceae; g__Nostoc,Scytonema
4636fb565875b9d3b39b338737a1b51e,k__Bacteria; p__Cyanobacteria; c__Nostocophycideae; o__; f__; g__; s__,Scytonema
b01efa793b5a3ac4db54105e8f7d2fa9,k__Bacteria; p__Cyanobacteria; c__Nostocophycideae; o__; f__; g__; s__,Scytonema
2c4e16588ce4924df9df2b494ee774c5,k__Bacteria; p__Cyanobacteria; c__Nostocophycideae; o__Nostocales,Scytonema
3dd79f1c370256cdfbc893792b946566,k__Bacteria; p__Cyanobacteria; c__Nostocophycideae; o__; f__; g__; s__,Scytonema
8beb38c090d6a21894a7132433086c06,k__Bacteria; p__Cyanobacteria; c__Nostocophycideae; o__Nostocales; f__Nostocaceae,Scytonema
a4faa7e0548f0afb7355d19407713d67,k__Bacteria; p__Cyanobacteria; c__Nostocophycideae,Scytonema
20cf62310d13c9ba924158d474c282a5,k__Bacteria; p__Cyanobacteria; c__Nostocophycideae; o__Nostocales; f__Nostocaceae,Scytonema
7c6c0c058c69dfb61f6a3045c79fc3f0,k__Bacteria; p__Cyanobacteria; c__Nostocophycideae; o__; f__; g__; s__,Scytonema
d4dc25c4aba2a9a36f17ec010c8779af,k__Bacteria; p__Cyanobacteria; c__Nostocophycideae; o__; f__; g__; s__,Scytonema
2348cc21fed4eb3e143117bd3acdc852,k__Bacteria; p__Cyanobacteria; c__Nostocophycideae; o__Nostocales; f__Nostocaceae,Scytonema
f7be8ecad6c0c7cd7accbfb0584bc3c4,k__Bacteria; p__Cyanobacteria; c__Nostocophycideae; o__Nostocales; f__Nostocaceae,Scytonema
36fa047d217cdc66335618a999eb93f2,k__Bacteria; p__Cyanobacteria; c__Nostocophycideae; o__Nostocales; f__Nostocaceae; g__; s__,Tolypothrix
fb3189903ce839509ca410016735def8,k__Bacteria; p__Cyanobacteria; c__Nostocophycideae; o__Nostocales; f__Nostocaceae; g__; s__,Tolypothrix
03f55a21e41e44a93f8b6fa5341cc5c2,k__Bacteria; p__Cyanobacteria; c__Nostocophycideae; o__Nostocales; f__Nostocaceae; g__; s__,Tolypothrix
4aa4f7bc0322539396617bdca69bade4,k__Bacteria; p__Cyanobacteria; c__Nostocophycideae; o__Nostocales; f__Nostocaceae; g__; s__,Tolypothrix
d7e4dbdcf2bef1cf82ca5dc1722ff264,k__Bacteria; p__Cyanobacteria,Unidentified
1c3ea643cb830fbd20add169604445f6,k__Bacteria; p__Cyanobacteria; c__Synechococcophycideae; o__Pseudanabaenales; f__Pseudanabaenaceae; g__Leptolyngbya; s__,Unidentified
551c02d5eb3a04e126d253ed81c5b3e5,k__Bacteria; p__Cyanobacteria; c__; o__; f__; g__; s__,Unidentified
85d776b826d21f49370195704fca6f0f,k__Bacteria; p__Cyanobacteria; c__; o__; f__; g__; s__,Unidentified
c3704db984d5fce7ade368f72fc62254,k__Bacteria; p__Cyanobacteria,Unidentified
6987773310032a7fc2b509267f7d83bf,k__Bacteria; p__Cyanobacteria; c__Synechococcophycideae; o__Pseudanabaenales; f__Pseudanabaenaceae; g__Leptolyngbya; s__,Unidentified
7e4a884058285f6dc861d67b273cac35,k__Bacteria; p__Cyanobacteria; c__; o__; f__; g__; s__,Unidentified
83fd97d8cd938369f1b2dc4dd46fcf31,k__Bacteria; p__Cyanobacteria; c__Synechococcophycideae; o__Pseudanabaenales; f__Pseudanabaenaceae; g__Leptolyngbya; s__,Unidentified
6b7e968ac45aadb94773e524c72e4650,k__Bacteria; p__Cyanobacteria; c__; o__; f__; g__; s__,Unidentified
f0b29727b911a3808beaee025ee2e88f,k__Bacteria; p__Cyanobacteria; c__Synechococcophycideae; o__Pseudanabaenales; f__Pseudanabaenaceae; g__Leptolyngbya; s__,Unidentified
2cf267020b71d45efc9e0290edeb6640,k__Bacteria; p__Cyanobacteria; c__Oscillatoriophycideae; o__Oscillatoriales; f__Phormidiaceae; g__Phormidium; s__,Wilmottia
99ac3298deb26861af49303701632621,k__Bacteria; p__Cyanobacteria; c__Oscillatoriophycideae; o__Oscillatoriales; f__Phormidiaceae; g__Phormidium; s__,Wilmottia
49d55aba610bfc304cce610c0f5fcaa8,,Schizothrix
c513e5fcd8a9feb3a8103a2fb1e5939e,,Unidentified
f0b16fd08952bc70dd132db4fa5d2824,,Leptolyngbya